{
  "users": {
    "susakiran@gmail.com": {
      "Item1": {
        "Username": "Kiran",
        "Email": "susakiran@gmail.com"
      },
      "Item2": "ꃿ榩\n쥬ⱑɰ�俽煟쑿㘬ꓺ비"
    },
    "kiran_msd23@yahoo.com": {
      "Item1": {
        "Username": "Kumar",
        "Email": "kiran_msd23@yahoo.com"
      },
      "Item2": "㝏懀藱陏﹃廋훩졒⌃灙ⴠ糩䁮㛈昗"
    },
    "@gmail.com": {
      "Item1": {
        "Username": "test",
        "Email": "@gmail.com"
      },
      "Item2": "폑᳉\u000b࣯㋥㞊塺頷㠠ﴣͱ囓屚ީ"
    }
  },
  "externalUsers": {
    "2960881677260274": {
      "Username": "Kiran Kumar",
      "Email": "kiran_msd23@yahoo.com"
    }
  }
}